garante,avalado,monto_garantia
Empresa_C1_1,Empresa_C1_2,231932
Empresa_C1_1,Empresa_C1_4,237337
Empresa_C1_1,Empresa_C1_5,1012756
Empresa_C1_1,Empresa_C1_7,887201
Empresa_C1_1,Empresa_C1_9,203355
Empresa_C1_1,Empresa_C1_10,4583385
Empresa_C1_1,Empresa_C1_11,256730
Empresa_C1_1,Empresa_C1_12,627035
Empresa_C1_1,Empresa_C1_13,184654
Empresa_C1_1,Empresa_C1_14,1477523
Empresa_C1_1,Empresa_C1_15,628178
Empresa_C1_1,Empresa_C1_16,449457
Empresa_C1_1,Empresa_C1_19,168148
Empresa_C1_1,Empresa_C1_20,778843
Empresa_C1_1,Empresa_C3_12,236330
Empresa_C1_1,Empresa_C6_4,227948
Empresa_C1_1,Empresa_C6_5,121959
Empresa_C1_2,Empresa_C1_1,325281
Empresa_C1_2,Empresa_C1_3,1500804
Empresa_C1_2,Empresa_C1_6,225657
Empresa_C1_2,Empresa_C1_7,1219043
Empresa_C1_2,Empresa_C1_8,911774
Empresa_C1_2,Empresa_C1_9,206081
Empresa_C1_2,Empresa_C1_10,122671
Empresa_C1_2,Empresa_C1_11,2311956
Empresa_C1_2,Empresa_C1_12,3607619
Empresa_C1_2,Empresa_C1_14,314835
Empresa_C1_2,Empresa_C1_15,843974
Empresa_C1_2,Empresa_C1_16,1156731
Empresa_C1_2,Empresa_C1_17,1956926
Empresa_C1_2,Empresa_C1_18,1457563
Empresa_C1_2,Empresa_C1_20,473616
Empresa_C1_2,Empresa_C2_16,1806493
Empresa_C1_2,Empresa_C3_4,1136685
Empresa_C1_2,Empresa_C4_12,511927
Empresa_C1_2,Empresa_C6_1,1930931
Empresa_C1_3,Empresa_C1_1,1525412
Empresa_C1_3,Empresa_C1_4,1049597
Empresa_C1_3,Empresa_C1_8,3646712
Empresa_C1_3,Empresa_C1_9,128251
Empresa_C1_3,Empresa_C1_10,1180793
Empresa_C1_3,Empresa_C1_13,850201
Empresa_C1_3,Empresa_C1_14,1811741
Empresa_C1_3,Empresa_C1_15,287628
Empresa_C1_3,Empresa_C1_18,1786293
Empresa_C1_3,Empresa_C1_19,612153
Empresa_C1_3,Empresa_C2_1,1603181
Empresa_C1_3,Empresa_C2_6,876665
Empresa_C1_3,Empresa_C3_17,979090
Empresa_C1_4,Empresa_C1_1,1368506
Empresa_C1_4,Empresa_C1_2,1667908
Empresa_C1_4,Empresa_C1_3,1584140
Empresa_C1_4,Empresa_C1_9,119870
Empresa_C1_4,Empresa_C1_10,126790
Empresa_C1_4,Empresa_C1_12,1979490
Empresa_C1_4,Empresa_C1_13,890141
Empresa_C1_4,Empresa_C1_14,1554908
Empresa_C1_4,Empresa_C1_17,1476760
Empresa_C1_4,Empresa_C1_18,1968599
Empresa_C1_4,Empresa_C1_19,2653984
Empresa_C1_4,Empresa_C1_20,1907150
Empresa_C1_4,Empresa_C6_10,106949
Empresa_C1_5,Empresa_C1_2,1365040
Empresa_C1_5,Empresa_C1_3,4957062
Empresa_C1_5,Empresa_C1_4,694124
Empresa_C1_5,Empresa_C1_6,1193578
Empresa_C1_5,Empresa_C1_7,598870
Empresa_C1_5,Empresa_C1_8,1826351
Empresa_C1_5,Empresa_C1_9,272312
Empresa_C1_5,Empresa_C1_10,431868
Empresa_C1_5,Empresa_C1_12,157108
Empresa_C1_5,Empresa_C1_13,4227713
Empresa_C1_5,Empresa_C1_14,247979
Empresa_C1_5,Empresa_C1_15,191865
Empresa_C1_5,Empresa_C1_16,503704
Empresa_C1_5,Empresa_C1_18,1128202
Empresa_C1_5,Empresa_C1_19,195257
Empresa_C1_5,Empresa_C1_20,572930
Empresa_C1_6,Empresa_C1_1,486594
Empresa_C1_6,Empresa_C1_3,1235964
Empresa_C1_6,Empresa_C1_5,451005
Empresa_C1_6,Empresa_C1_7,1561074
Empresa_C1_6,Empresa_C1_8,1955619
Empresa_C1_6,Empresa_C1_9,1667121
Empresa_C1_6,Empresa_C1_10,1188287
Empresa_C1_6,Empresa_C1_11,318134
Empresa_C1_6,Empresa_C1_12,1740592
Empresa_C1_6,Empresa_C1_13,511597
Empresa_C1_6,Empresa_C1_14,1684166
Empresa_C1_6,Empresa_C1_17,580703
Empresa_C1_6,Empresa_C1_19,1173629
Empresa_C1_6,Empresa_C3_15,330203
Empresa_C1_7,Empresa_C1_1,1286293
Empresa_C1_7,Empresa_C1_2,400709
Empresa_C1_7,Empresa_C1_3,1725351
Empresa_C1_7,Empresa_C1_5,1117289
Empresa_C1_7,Empresa_C1_6,1885910
Empresa_C1_7,Empresa_C1_10,1356182
Empresa_C1_7,Empresa_C1_11,4546742
Empresa_C1_7,Empresa_C1_12,562052
Empresa_C1_7,Empresa_C1_14,1475649
Empresa_C1_7,Empresa_C1_20,711213
Empresa_C1_7,Empresa_C2_2,354726
Empresa_C1_7,Empresa_C6_13,1879122
Empresa_C1_8,Empresa_C1_1,1805277
Empresa_C1_8,Empresa_C1_12,3602576
Empresa_C1_8,Empresa_C1_14,418420
Empresa_C1_8,Empresa_C1_15,1841134
Empresa_C1_8,Empresa_C1_16,442703
Empresa_C1_8,Empresa_C1_17,1903740
Empresa_C1_8,Empresa_C1_20,1397897
Empresa_C1_8,Empresa_C2_20,1879468
Empresa_C1_8,Empresa_C4_2,2397711
Empresa_C1_9,Empresa_C1_2,669936
Empresa_C1_9,Empresa_C1_4,1232658
Empresa_C1_9,Empresa_C1_5,1310209
Empresa_C1_9,Empresa_C1_8,1168199
Empresa_C1_9,Empresa_C1_10,1147343
Empresa_C1_9,Empresa_C1_16,148874
Empresa_C1_9,Empresa_C1_17,809662
Empresa_C1_9,Empresa_C1_18,778250
Empresa_C1_9,Empresa_C1_20,226209
Empresa_C1_9,Empresa_C2_2,1891199
Empresa_C1_9,Empresa_C2_7,1474572
Empresa_C1_9,Empresa_C6_15,878513
Empresa_C1_10,Empresa_C1_5,1188075
Empresa_C1_10,Empresa_C1_6,1616111
Empresa_C1_10,Empresa_C1_7,1446208
Empresa_C1_10,Empresa_C1_8,1343131
Empresa_C1_10,Empresa_C1_9,998792
Empresa_C1_10,Empresa_C1_11,1729849
Empresa_C1_10,Empresa_C1_12,778758
Empresa_C1_10,Empresa_C1_15,424912
Empresa_C1_10,Empresa_C1_16,4857734
Empresa_C1_10,Empresa_C1_19,715115
Empresa_C1_11,Empresa_C1_2,560494
Empresa_C1_11,Empresa_C1_3,134707
Empresa_C1_11,Empresa_C1_4,1851550
Empresa_C1_11,Empresa_C1_5,1622688
Empresa_C1_11,Empresa_C1_6,1308052
Empresa_C1_11,Empresa_C1_7,3297077
Empresa_C1_11,Empresa_C1_8,4748386
Empresa_C1_11,Empresa_C1_9,1996220
Empresa_C1_11,Empresa_C1_10,1155146
Empresa_C1_11,Empresa_C1_13,909343
Empresa_C1_11,Empresa_C1_14,1674833
Empresa_C1_11,Empresa_C1_17,1125799
Empresa_C1_11,Empresa_C1_18,1783541
Empresa_C1_11,Empresa_C2_2,128625
Empresa_C1_11,Empresa_C3_14,1676590
Empresa_C1_11,Empresa_C4_2,734122
Empresa_C1_11,Empresa_C5_1,2059183
Empresa_C1_11,Empresa_C6_16,1345077
Empresa_C1_12,Empresa_C1_1,175388
Empresa_C1_12,Empresa_C1_3,1276410
Empresa_C1_12,Empresa_C1_4,1597618
Empresa_C1_12,Empresa_C1_8,601174
Empresa_C1_12,Empresa_C1_9,346242
Empresa_C1_12,Empresa_C1_10,966964
Empresa_C1_12,Empresa_C1_11,1688878
Empresa_C1_12,Empresa_C1_13,1240234
Empresa_C1_12,Empresa_C1_14,1122460
Empresa_C1_12,Empresa_C1_15,642015
Empresa_C1_12,Empresa_C1_17,1442630
Empresa_C1_12,Empresa_C1_18,1258423
Empresa_C1_12,Empresa_C1_19,1035129
Empresa_C1_12,Empresa_C3_15,408623
Empresa_C1_13,Empresa_C1_2,107967
Empresa_C1_13,Empresa_C1_3,1878206
Empresa_C1_13,Empresa_C1_4,941531
Empresa_C1_13,Empresa_C1_5,571082
Empresa_C1_13,Empresa_C1_7,1450642
Empresa_C1_13,Empresa_C1_8,1515512
Empresa_C1_13,Empresa_C1_10,1006295
Empresa_C1_13,Empresa_C1_11,1193512
Empresa_C1_13,Empresa_C1_12,325469
Empresa_C1_13,Empresa_C1_14,1009711
Empresa_C1_13,Empresa_C1_15,593158
Empresa_C1_13,Empresa_C1_16,527387
Empresa_C1_13,Empresa_C1_18,1397638
Empresa_C1_13,Empresa_C1_20,1247647
Empresa_C1_13,Empresa_C2_6,694305
Empresa_C1_13,Empresa_C6_2,282051
Empresa_C1_14,Empresa_C1_1,1990427
Empresa_C1_14,Empresa_C1_2,1619603
Empresa_C1_14,Empresa_C1_3,979903
Empresa_C1_14,Empresa_C1_4,1078836
Empresa_C1_14,Empresa_C1_9,783404
Empresa_C1_14,Empresa_C1_12,1898806
Empresa_C1_14,Empresa_C1_13,551157
Empresa_C1_14,Empresa_C1_15,4241282
Empresa_C1_14,Empresa_C1_16,1792110
Empresa_C1_14,Empresa_C1_18,1326134
Empresa_C1_14,Empresa_C1_20,167260
Empresa_C1_14,Empresa_C3_8,245016
Empresa_C1_14,Empresa_C4_3,1737293
Empresa_C1_15,Empresa_C1_2,352164
Empresa_C1_15,Empresa_C1_4,549830
Empresa_C1_15,Empresa_C1_5,4747177
Empresa_C1_15,Empresa_C1_6,1654235
Empresa_C1_15,Empresa_C1_7,1215731
Empresa_C1_15,Empresa_C1_9,2664918
Empresa_C1_15,Empresa_C1_10,1804098
Empresa_C1_15,Empresa_C1_13,855678
Empresa_C1_15,Empresa_C1_16,1244620
Empresa_C1_15,Empresa_C1_17,402929
Empresa_C1_15,Empresa_C1_18,933731
Empresa_C1_15,Empresa_C1_20,1556081
Empresa_C1_15,Empresa_C4_13,1290631
Empresa_C1_16,Empresa_C1_1,1516207
Empresa_C1_16,Empresa_C1_2,1661588
Empresa_C1_16,Empresa_C1_4,494341
Empresa_C1_16,Empresa_C1_6,1549796
Empresa_C1_16,Empresa_C1_7,595384
Empresa_C1_16,Empresa_C1_8,619165
Empresa_C1_16,Empresa_C1_9,1246332
Empresa_C1_16,Empresa_C1_11,1410267
Empresa_C1_16,Empresa_C1_12,1593934
Empresa_C1_16,Empresa_C1_13,1885559
Empresa_C1_16,Empresa_C1_15,1911417
Empresa_C1_16,Empresa_C1_17,1239929
Empresa_C1_16,Empresa_C1_18,1690963
Empresa_C1_16,Empresa_C1_20,133866
Empresa_C1_16,Empresa_C4_12,1852390
Empresa_C1_17,Empresa_C1_1,837685
Empresa_C1_17,Empresa_C1_3,653091
Empresa_C1_17,Empresa_C1_4,1378723
Empresa_C1_17,Empresa_C1_5,1683957
Empresa_C1_17,Empresa_C1_6,1134586
Empresa_C1_17,Empresa_C1_7,1452790
Empresa_C1_17,Empresa_C1_9,1024220
Empresa_C1_17,Empresa_C1_10,1713447
Empresa_C1_17,Empresa_C1_11,1259608
Empresa_C1_17,Empresa_C1_12,1375303
Empresa_C1_17,Empresa_C1_13,818675
Empresa_C1_17,Empresa_C1_14,678533
Empresa_C1_17,Empresa_C1_15,4593660
Empresa_C1_17,Empresa_C1_16,1558516
Empresa_C1_17,Empresa_C1_18,1442057
Empresa_C1_17,Empresa_C1_20,867524
Empresa_C1_17,Empresa_C3_2,1332541
Empresa_C1_17,Empresa_C4_1,1619825
Empresa_C1_17,Empresa_C5_16,1918618
Empresa_C1_18,Empresa_C1_1,928791
Empresa_C1_18,Empresa_C1_2,301260
Empresa_C1_18,Empresa_C1_3,933525
Empresa_C1_18,Empresa_C1_4,3521467
Empresa_C1_18,Empresa_C1_5,350100
Empresa_C1_18,Empresa_C1_7,1613641
Empresa_C1_18,Empresa_C1_8,1302821
Empresa_C1_18,Empresa_C1_11,950350
Empresa_C1_18,Empresa_C1_12,267647
Empresa_C1_18,Empresa_C1_13,1545028
Empresa_C1_18,Empresa_C1_14,1681420
Empresa_C1_18,Empresa_C1_16,474313
Empresa_C1_18,Empresa_C1_19,624628
Empresa_C1_18,Empresa_C1_20,567243
Empresa_C1_18,Empresa_C4_15,364528
Empresa_C1_18,Empresa_C5_3,1306751
Empresa_C1_18,Empresa_C5_18,1030370
Empresa_C1_19,Empresa_C1_1,967239
Empresa_C1_19,Empresa_C1_3,1098757
Empresa_C1_19,Empresa_C1_4,277164
Empresa_C1_19,Empresa_C1_5,613313
Empresa_C1_19,Empresa_C1_8,3072359
Empresa_C1_19,Empresa_C1_9,754224
Empresa_C1_19,Empresa_C1_12,1631192
Empresa_C1_19,Empresa_C1_13,378710
Empresa_C1_19,Empresa_C1_14,1884841
Empresa_C1_19,Empresa_C1_15,1698099
Empresa_C1_19,Empresa_C1_16,467003
Empresa_C1_19,Empresa_C1_17,1901038
Empresa_C1_19,Empresa_C1_18,1379180
Empresa_C1_19,Empresa_C4_17,400486
Empresa_C1_19,Empresa_C6_5,906564
Empresa_C1_20,Empresa_C1_1,832763
Empresa_C1_20,Empresa_C1_2,1586516
Empresa_C1_20,Empresa_C1_3,348552
Empresa_C1_20,Empresa_C1_4,392575
Empresa_C1_20,Empresa_C1_6,1986963
Empresa_C1_20,Empresa_C1_7,1050991
Empresa_C1_20,Empresa_C1_11,628714
Empresa_C1_20,Empresa_C1_13,373452
Empresa_C1_20,Empresa_C1_14,1238882
Empresa_C1_20,Empresa_C1_17,727835
Empresa_C1_20,Empresa_C1_18,1260793
Empresa_C1_20,Empresa_C1_19,602367
Empresa_C1_20,Empresa_C5_1,228389
Empresa_C1_20,Empresa_C5_19,1171177
Empresa_C1_20,Empresa_C6_12,168323
Empresa_C2_1,Empresa_C2_3,489770
Empresa_C2_1,Empresa_C2_4,815339
Empresa_C2_1,Empresa_C2_5,199003
Empresa_C2_1,Empresa_C2_8,1874029
Empresa_C2_1,Empresa_C2_9,410001
Empresa_C2_1,Empresa_C2_10,532680
Empresa_C2_1,Empresa_C2_11,507085
Empresa_C2_1,Empresa_C2_12,786915
Empresa_C2_1,Empresa_C2_14,1502222
Empresa_C2_1,Empresa_C2_16,1211009
Empresa_C2_1,Empresa_C2_17,447139
Empresa_C2_1,Empresa_C2_19,1155991
Empresa_C2_1,Empresa_C3_10,1973410
Empresa_C2_1,Empresa_C6_14,1959626
Empresa_C2_1,Empresa_C6_15,471513
Empresa_C2_2,Empresa_C2_5,1033703
Empresa_C2_2,Empresa_C2_6,250653
Empresa_C2_2,Empresa_C2_7,247595
Empresa_C2_2,Empresa_C2_8,1290456
Empresa_C2_2,Empresa_C2_10,1757888
Empresa_C2_2,Empresa_C2_11,1754802
Empresa_C2_2,Empresa_C2_12,1488509
Empresa_C2_2,Empresa_C2_17,1668146
Empresa_C2_2,Empresa_C2_20,1622494
Empresa_C2_2,Empresa_C4_10,837090
Empresa_C2_2,Empresa_C4_17,1188963
Empresa_C2_2,Empresa_C5_8,1845987
Empresa_C2_2,Empresa_C6_19,105039
Empresa_C2_3,Empresa_C2_1,1323451
Empresa_C2_3,Empresa_C2_4,1233754
Empresa_C2_3,Empresa_C2_6,1743707
Empresa_C2_3,Empresa_C2_7,1635601
Empresa_C2_3,Empresa_C2_9,255489
Empresa_C2_3,Empresa_C2_11,1882988
Empresa_C2_3,Empresa_C2_12,201948
Empresa_C2_3,Empresa_C2_13,393851
Empresa_C2_3,Empresa_C2_15,1768849
Empresa_C2_3,Empresa_C2_17,1436220
Empresa_C2_3,Empresa_C2_18,773812
Empresa_C2_3,Empresa_C3_3,1150763
Empresa_C2_3,Empresa_C4_17,747652
Empresa_C2_3,Empresa_C5_1,1048458
Empresa_C2_4,Empresa_C2_1,406093
Empresa_C2_4,Empresa_C2_5,2355055
Empresa_C2_4,Empresa_C2_6,1355715
Empresa_C2_4,Empresa_C2_7,1225424
Empresa_C2_4,Empresa_C2_8,544972
Empresa_C2_4,Empresa_C2_9,800636
Empresa_C2_4,Empresa_C2_10,1752562
Empresa_C2_4,Empresa_C2_14,1565915
Empresa_C2_4,Empresa_C2_17,1741706
Empresa_C2_4,Empresa_C2_19,756030
Empresa_C2_5,Empresa_C1_20,929901
Empresa_C2_5,Empresa_C2_2,1475926
Empresa_C2_5,Empresa_C2_4,539503
Empresa_C2_5,Empresa_C2_6,1749176
Empresa_C2_5,Empresa_C2_10,1074488
Empresa_C2_5,Empresa_C2_11,1050922
Empresa_C2_5,Empresa_C2_12,1533284
Empresa_C2_5,Empresa_C2_13,908596
Empresa_C2_5,Empresa_C2_17,638314
Empresa_C2_5,Empresa_C2_19,1646933
Empresa_C2_5,Empresa_C3_16,4300987
Empresa_C2_6,Empresa_C2_1,1135408
Empresa_C2_6,Empresa_C2_3,1571926
Empresa_C2_6,Empresa_C2_4,1919400
Empresa_C2_6,Empresa_C2_5,1657009
Empresa_C2_6,Empresa_C2_9,1925598
Empresa_C2_6,Empresa_C2_10,201407
Empresa_C2_6,Empresa_C2_11,1570170
Empresa_C2_6,Empresa_C2_12,1359720
Empresa_C2_6,Empresa_C2_13,1559410
Empresa_C2_6,Empresa_C2_14,1824463
Empresa_C2_6,Empresa_C2_15,1717603
Empresa_C2_6,Empresa_C2_16,658988
Empresa_C2_6,Empresa_C2_18,1817836
Empresa_C2_6,Empresa_C2_19,1019134
Empresa_C2_6,Empresa_C5_6,337723
Empresa_C2_7,Empresa_C1_11,952159
Empresa_C2_7,Empresa_C2_2,1149627
Empresa_C2_7,Empresa_C2_6,1672138
Empresa_C2_7,Empresa_C2_8,1729753
Empresa_C2_7,Empresa_C2_12,650242
Empresa_C2_7,Empresa_C2_13,1874363
Empresa_C2_7,Empresa_C2_14,525767
Empresa_C2_7,Empresa_C2_17,1168965
Empresa_C2_7,Empresa_C2_18,930351
Empresa_C2_7,Empresa_C2_19,601110
Empresa_C2_7,Empresa_C2_20,328129
Empresa_C2_7,Empresa_C3_1,262421
Empresa_C2_7,Empresa_C3_9,292971
Empresa_C2_7,Empresa_C4_17,1656570
Empresa_C2_7,Empresa_C5_4,1728662
Empresa_C2_8,Empresa_C1_17,768629
Empresa_C2_8,Empresa_C2_1,1218597
Empresa_C2_8,Empresa_C2_4,1808557
Empresa_C2_8,Empresa_C2_5,1702091
Empresa_C2_8,Empresa_C2_10,847410
Empresa_C2_8,Empresa_C2_13,1457719
Empresa_C2_8,Empresa_C2_14,1592017
Empresa_C2_8,Empresa_C2_15,471852
Empresa_C2_8,Empresa_C2_16,1248836
Empresa_C2_8,Empresa_C2_17,693731
Empresa_C2_8,Empresa_C2_18,3020333
Empresa_C2_8,Empresa_C2_19,1000959
Empresa_C2_8,Empresa_C2_20,1919381
Empresa_C2_8,Empresa_C3_18,1404503
Empresa_C2_8,Empresa_C4_11,1506352
Empresa_C2_8,Empresa_C6_18,3050458
Empresa_C2_9,Empresa_C1_6,1655929
Empresa_C2_9,Empresa_C2_1,323068
Empresa_C2_9,Empresa_C2_2,909359
Empresa_C2_9,Empresa_C2_7,767565
Empresa_C2_9,Empresa_C2_8,496308
Empresa_C2_9,Empresa_C2_11,1490227
Empresa_C2_9,Empresa_C2_12,103969
Empresa_C2_9,Empresa_C2_14,120323
Empresa_C2_9,Empresa_C2_15,601793
Empresa_C2_9,Empresa_C2_17,1577141
Empresa_C2_9,Empresa_C2_18,276968
Empresa_C2_9,Empresa_C2_19,1376485
Empresa_C2_9,Empresa_C5_12,1687893
Empresa_C2_9,Empresa_C6_12,339455
Empresa_C2_10,Empresa_C2_2,4019451
Empresa_C2_10,Empresa_C2_3,1016931
Empresa_C2_10,Empresa_C2_4,2240012
Empresa_C2_10,Empresa_C2_5,172684
Empresa_C2_10,Empresa_C2_6,1365197
Empresa_C2_10,Empresa_C2_7,1047509
Empresa_C2_10,Empresa_C2_9,837651
Empresa_C2_10,Empresa_C2_11,334318
Empresa_C2_10,Empresa_C2_12,747952
Empresa_C2_10,Empresa_C2_13,1396573
Empresa_C2_10,Empresa_C2_16,1393512
Empresa_C2_10,Empresa_C2_18,1183329
Empresa_C2_10,Empresa_C2_19,378104
Empresa_C2_10,Empresa_C2_20,1475147
Empresa_C2_11,Empresa_C2_3,1669417
Empresa_C2_11,Empresa_C2_4,1684433
Empresa_C2_11,Empresa_C2_5,1642656
Empresa_C2_11,Empresa_C2_7,1558819
Empresa_C2_11,Empresa_C2_8,3563826
Empresa_C2_11,Empresa_C2_10,1242524
Empresa_C2_11,Empresa_C2_12,895379
Empresa_C2_11,Empresa_C2_13,1404397
Empresa_C2_11,Empresa_C2_14,1608764
Empresa_C2_11,Empresa_C2_15,762714
Empresa_C2_11,Empresa_C2_17,1284685
Empresa_C2_11,Empresa_C2_18,1447203
Empresa_C2_11,Empresa_C2_19,1792737
Empresa_C2_12,Empresa_C2_1,520497
Empresa_C2_12,Empresa_C2_2,1131259
Empresa_C2_12,Empresa_C2_3,1758990
Empresa_C2_12,Empresa_C2_5,1155811
Empresa_C2_12,Empresa_C2_6,862178
Empresa_C2_12,Empresa_C2_7,1252791
Empresa_C2_12,Empresa_C2_8,562092
Empresa_C2_12,Empresa_C2_9,1567217
Empresa_C2_12,Empresa_C2_11,404958
Empresa_C2_12,Empresa_C2_13,1405710
Empresa_C2_12,Empresa_C2_16,1319309
Empresa_C2_12,Empresa_C2_18,1587552
Empresa_C2_12,Empresa_C2_20,1516693
Empresa_C2_12,Empresa_C3_19,928854
Empresa_C2_12,Empresa_C5_14,724773
Empresa_C2_13,Empresa_C1_13,202780
Empresa_C2_13,Empresa_C1_14,953159
Empresa_C2_13,Empresa_C2_1,1944881
Empresa_C2_13,Empresa_C2_3,435468
Empresa_C2_13,Empresa_C2_4,1637031
Empresa_C2_13,Empresa_C2_5,1874088
Empresa_C2_13,Empresa_C2_6,1781892
Empresa_C2_13,Empresa_C2_8,480171
Empresa_C2_13,Empresa_C2_10,132966
Empresa_C2_13,Empresa_C2_11,1034678
Empresa_C2_13,Empresa_C2_14,947516
Empresa_C2_13,Empresa_C2_19,1587056
Empresa_C2_13,Empresa_C3_10,1772558
Empresa_C2_13,Empresa_C5_3,516690
Empresa_C2_14,Empresa_C1_15,1440144
Empresa_C2_14,Empresa_C2_1,378518
Empresa_C2_14,Empresa_C2_2,907461
Empresa_C2_14,Empresa_C2_3,1703969
Empresa_C2_14,Empresa_C2_5,557820
Empresa_C2_14,Empresa_C2_6,1133237
Empresa_C2_14,Empresa_C2_9,189360
Empresa_C2_14,Empresa_C2_10,787235
Empresa_C2_14,Empresa_C2_11,1590309
Empresa_C2_14,Empresa_C2_13,868447
Empresa_C2_14,Empresa_C2_15,703623
Empresa_C2_14,Empresa_C2_17,583178
Empresa_C2_14,Empresa_C2_20,1158213
Empresa_C2_14,Empresa_C5_3,1503411
Empresa_C2_14,Empresa_C5_4,967392
Empresa_C2_15,Empresa_C1_3,1160538
Empresa_C2_15,Empresa_C2_1,1949388
Empresa_C2_15,Empresa_C2_3,857582
Empresa_C2_15,Empresa_C2_4,664174
Empresa_C2_15,Empresa_C2_6,1774308
Empresa_C2_15,Empresa_C2_8,1390838
Empresa_C2_15,Empresa_C2_9,665148
Empresa_C2_15,Empresa_C2_11,207041
Empresa_C2_15,Empresa_C2_12,581862
Empresa_C2_15,Empresa_C2_16,1458848
Empresa_C2_15,Empresa_C5_12,336538
Empresa_C2_16,Empresa_C2_1,125739
Empresa_C2_16,Empresa_C2_2,644333
Empresa_C2_16,Empresa_C2_3,1830841
Empresa_C2_16,Empresa_C2_4,4316375
Empresa_C2_16,Empresa_C2_5,1065398
Empresa_C2_16,Empresa_C2_6,1711905
Empresa_C2_16,Empresa_C2_12,1528129
Empresa_C2_16,Empresa_C2_13,888428
Empresa_C2_16,Empresa_C2_14,985259
Empresa_C2_16,Empresa_C2_17,1517191
Empresa_C2_16,Empresa_C2_19,189242
Empresa_C2_16,Empresa_C2_20,684326
Empresa_C2_16,Empresa_C6_2,445744
Empresa_C2_17,Empresa_C2_2,211776
Empresa_C2_17,Empresa_C2_4,1815090
Empresa_C2_17,Empresa_C2_5,1354329
Empresa_C2_17,Empresa_C2_6,823776
Empresa_C2_17,Empresa_C2_7,178840
Empresa_C2_17,Empresa_C2_10,1098412
Empresa_C2_17,Empresa_C2_11,823559
Empresa_C2_17,Empresa_C2_12,1831530
Empresa_C2_17,Empresa_C2_13,1458308
Empresa_C2_17,Empresa_C2_14,137860
Empresa_C2_17,Empresa_C2_16,353078
Empresa_C2_17,Empresa_C2_19,1092652
Empresa_C2_18,Empresa_C1_8,1448055
Empresa_C2_18,Empresa_C2_1,1671741
Empresa_C2_18,Empresa_C2_3,815768
Empresa_C2_18,Empresa_C2_4,1435883
Empresa_C2_18,Empresa_C2_5,1422846
Empresa_C2_18,Empresa_C2_6,1151893
Empresa_C2_18,Empresa_C2_7,811323
Empresa_C2_18,Empresa_C2_8,1426224
Empresa_C2_18,Empresa_C2_10,1360945
Empresa_C2_18,Empresa_C2_11,310387
Empresa_C2_18,Empresa_C2_12,2455797
Empresa_C2_18,Empresa_C2_13,1097057
Empresa_C2_18,Empresa_C2_15,1111942
Empresa_C2_18,Empresa_C2_16,953349
Empresa_C2_18,Empresa_C2_19,682848
Empresa_C2_18,Empresa_C2_20,1042164
Empresa_C2_18,Empresa_C3_3,1463517
Empresa_C2_18,Empresa_C3_8,835053
Empresa_C2_18,Empresa_C6_15,1038624
Empresa_C2_19,Empresa_C1_7,1595997
Empresa_C2_19,Empresa_C2_1,1794408
Empresa_C2_19,Empresa_C2_4,1799547
Empresa_C2_19,Empresa_C2_6,1561659
Empresa_C2_19,Empresa_C2_7,1256245
Empresa_C2_19,Empresa_C2_8,1554972
Empresa_C2_19,Empresa_C2_9,345847
Empresa_C2_19,Empresa_C2_11,1294601
Empresa_C2_19,Empresa_C2_12,1764357
Empresa_C2_19,Empresa_C2_13,393313
Empresa_C2_19,Empresa_C2_14,1949465
Empresa_C2_19,Empresa_C2_15,1245640
Empresa_C2_19,Empresa_C2_17,3887718
Empresa_C2_19,Empresa_C2_20,1812545
Empresa_C2_19,Empresa_C4_17,112467
Empresa_C2_19,Empresa_C5_15,1304740
Empresa_C2_20,Empresa_C2_1,872838
Empresa_C2_20,Empresa_C2_3,496601
Empresa_C2_20,Empresa_C2_4,165030
Empresa_C2_20,Empresa_C2_5,1355973
Empresa_C2_20,Empresa_C2_8,803023
Empresa_C2_20,Empresa_C2_10,1972508
Empresa_C2_20,Empresa_C2_11,672285
Empresa_C2_20,Empresa_C2_12,135187
Empresa_C2_20,Empresa_C2_14,1618560
Empresa_C2_20,Empresa_C2_17,366186
Empresa_C2_20,Empresa_C2_19,652226
Empresa_C2_20,Empresa_C6_2,858171
Empresa_C3_1,Empresa_C1_15,1597850
Empresa_C3_1,Empresa_C3_2,340617
Empresa_C3_1,Empresa_C3_4,841067
Empresa_C3_1,Empresa_C3_6,1443054
Empresa_C3_1,Empresa_C3_8,1210291
Empresa_C3_1,Empresa_C3_11,1449687
Empresa_C3_1,Empresa_C3_13,1661014
Empresa_C3_1,Empresa_C3_14,822496
Empresa_C3_1,Empresa_C3_15,1037687
Empresa_C3_1,Empresa_C3_16,1998676
Empresa_C3_1,Empresa_C3_17,242003
Empresa_C3_1,Empresa_C3_18,353608
Empresa_C3_1,Empresa_C3_19,277763
Empresa_C3_1,Empresa_C6_8,1752433
Empresa_C3_1,Empresa_C6_10,1475544
Empresa_C3_2,Empresa_C3_1,1255668
Empresa_C3_2,Empresa_C3_3,809163
Empresa_C3_2,Empresa_C3_4,447761
Empresa_C3_2,Empresa_C3_5,1812669
Empresa_C3_2,Empresa_C3_6,1272808
Empresa_C3_2,Empresa_C3_9,341535
Empresa_C3_2,Empresa_C3_10,1996999
Empresa_C3_2,Empresa_C3_11,1180402
Empresa_C3_2,Empresa_C3_12,1488710
Empresa_C3_2,Empresa_C3_13,309124
Empresa_C3_2,Empresa_C3_14,760246
Empresa_C3_2,Empresa_C3_15,776935
Empresa_C3_2,Empresa_C3_18,791150
Empresa_C3_2,Empresa_C3_20,560522
Empresa_C3_2,Empresa_C4_10,1759537
Empresa_C3_3,Empresa_C1_1,620112
Empresa_C3_3,Empresa_C1_4,421701
Empresa_C3_3,Empresa_C3_2,942753
Empresa_C3_3,Empresa_C3_5,199244
Empresa_C3_3,Empresa_C3_9,1846552
Empresa_C3_3,Empresa_C3_10,1760226
Empresa_C3_3,Empresa_C3_11,1492652
Empresa_C3_3,Empresa_C3_13,1384427
Empresa_C3_3,Empresa_C3_14,607750
Empresa_C3_3,Empresa_C3_18,1676407
Empresa_C3_3,Empresa_C3_20,1476467
Empresa_C3_4,Empresa_C3_2,1666772
Empresa_C3_4,Empresa_C3_3,1164714
Empresa_C3_4,Empresa_C3_6,1226998
Empresa_C3_4,Empresa_C3_7,225604
Empresa_C3_4,Empresa_C3_8,1539641
Empresa_C3_4,Empresa_C3_12,1574618
Empresa_C3_4,Empresa_C3_13,1551511
Empresa_C3_4,Empresa_C3_15,922545
Empresa_C3_4,Empresa_C3_16,401173
Empresa_C3_4,Empresa_C3_18,1307147
Empresa_C3_4,Empresa_C3_19,1850093
Empresa_C3_4,Empresa_C4_7,1952566
Empresa_C3_5,Empresa_C2_17,1936222
Empresa_C3_5,Empresa_C3_3,760501
Empresa_C3_5,Empresa_C3_7,1283493
Empresa_C3_5,Empresa_C3_8,275324
Empresa_C3_5,Empresa_C3_11,490857
Empresa_C3_5,Empresa_C3_13,1425499
Empresa_C3_5,Empresa_C3_15,739724
Empresa_C3_5,Empresa_C3_18,167359
Empresa_C3_5,Empresa_C3_19,1311960
Empresa_C3_5,Empresa_C3_20,1279042
Empresa_C3_5,Empresa_C4_8,421199
Empresa_C3_5,Empresa_C6_17,3594363
Empresa_C3_6,Empresa_C3_1,1941903
Empresa_C3_6,Empresa_C3_3,1989855
Empresa_C3_6,Empresa_C3_4,1449651
Empresa_C3_6,Empresa_C3_7,763431
Empresa_C3_6,Empresa_C3_8,1218824
Empresa_C3_6,Empresa_C3_9,709723
Empresa_C3_6,Empresa_C3_10,1931496
Empresa_C3_6,Empresa_C3_15,1107851
Empresa_C3_6,Empresa_C3_16,388997
Empresa_C3_6,Empresa_C3_17,743012
Empresa_C3_6,Empresa_C3_19,1003923
Empresa_C3_6,Empresa_C6_12,169893
Empresa_C3_7,Empresa_C3_1,1640710
Empresa_C3_7,Empresa_C3_2,1425930
Empresa_C3_7,Empresa_C3_4,1299728
Empresa_C3_7,Empresa_C3_5,946278
Empresa_C3_7,Empresa_C3_9,1983145
Empresa_C3_7,Empresa_C3_10,1588204
Empresa_C3_7,Empresa_C3_11,1836386
Empresa_C3_7,Empresa_C3_13,2068516
Empresa_C3_7,Empresa_C3_15,1313013
Empresa_C3_7,Empresa_C3_16,970229
Empresa_C3_7,Empresa_C3_17,1112211
Empresa_C3_7,Empresa_C3_19,525910
Empresa_C3_7,Empresa_C3_20,1812355
Empresa_C3_8,Empresa_C3_1,314223
Empresa_C3_8,Empresa_C3_2,3229222
Empresa_C3_8,Empresa_C3_4,3738269
Empresa_C3_8,Empresa_C3_6,523206
Empresa_C3_8,Empresa_C3_9,617257
Empresa_C3_8,Empresa_C3_10,1302606
Empresa_C3_8,Empresa_C3_11,1636425
Empresa_C3_8,Empresa_C3_13,1237273
Empresa_C3_8,Empresa_C3_14,4771035
Empresa_C3_8,Empresa_C3_15,1653185
Empresa_C3_8,Empresa_C3_17,1817202
Empresa_C3_8,Empresa_C3_19,722696
Empresa_C3_8,Empresa_C3_20,444937
Empresa_C3_8,Empresa_C5_3,1525402
Empresa_C3_9,Empresa_C1_1,1016094
Empresa_C3_9,Empresa_C2_15,676531
Empresa_C3_9,Empresa_C3_6,1624061
Empresa_C3_9,Empresa_C3_7,1439083
Empresa_C3_9,Empresa_C3_8,1840081
Empresa_C3_9,Empresa_C3_10,376999
Empresa_C3_9,Empresa_C3_11,749362
Empresa_C3_9,Empresa_C3_13,1168307
Empresa_C3_9,Empresa_C3_14,365033
Empresa_C3_9,Empresa_C3_15,1927693
Empresa_C3_9,Empresa_C3_16,619235
Empresa_C3_9,Empresa_C3_17,520547
Empresa_C3_9,Empresa_C4_1,1588702
Empresa_C3_9,Empresa_C5_6,1886185
Empresa_C3_9,Empresa_C6_1,1110815
Empresa_C3_10,Empresa_C2_5,631598
Empresa_C3_10,Empresa_C2_14,367531
Empresa_C3_10,Empresa_C3_4,1748406
Empresa_C3_10,Empresa_C3_5,1446365
Empresa_C3_10,Empresa_C3_6,1968521
Empresa_C3_10,Empresa_C3_7,1201751
Empresa_C3_10,Empresa_C3_8,688510
Empresa_C3_10,Empresa_C3_9,4038804
Empresa_C3_10,Empresa_C3_12,179944
Empresa_C3_10,Empresa_C3_13,2624136
Empresa_C3_10,Empresa_C3_14,1416015
Empresa_C3_10,Empresa_C3_16,224034
Empresa_C3_10,Empresa_C3_18,291848
Empresa_C3_10,Empresa_C4_12,1218248
Empresa_C3_11,Empresa_C2_5,897271
Empresa_C3_11,Empresa_C3_2,1135598
Empresa_C3_11,Empresa_C3_3,598953
Empresa_C3_11,Empresa_C3_6,602850
Empresa_C3_11,Empresa_C3_7,220627
Empresa_C3_11,Empresa_C3_8,1101198
Empresa_C3_11,Empresa_C3_10,1116254
Empresa_C3_11,Empresa_C3_12,530037
Empresa_C3_11,Empresa_C3_13,363389
Empresa_C3_11,Empresa_C3_14,899288
Empresa_C3_11,Empresa_C3_16,1901817
Empresa_C3_11,Empresa_C3_17,1351222
Empresa_C3_12,Empresa_C2_13,146940
Empresa_C3_12,Empresa_C3_3,1287171
Empresa_C3_12,Empresa_C3_4,899717
Empresa_C3_12,Empresa_C3_5,1021806
Empresa_C3_12,Empresa_C3_9,720501
Empresa_C3_12,Empresa_C3_10,635888
Empresa_C3_12,Empresa_C3_11,780175
Empresa_C3_12,Empresa_C3_14,555040
Empresa_C3_12,Empresa_C3_15,1075415
Empresa_C3_12,Empresa_C3_16,1057274
Empresa_C3_12,Empresa_C3_17,162894
Empresa_C3_12,Empresa_C3_18,1118143
Empresa_C3_12,Empresa_C3_19,100559
Empresa_C3_12,Empresa_C5_18,305591
Empresa_C3_13,Empresa_C3_1,1624616
Empresa_C3_13,Empresa_C3_2,583157
Empresa_C3_13,Empresa_C3_3,1925969
Empresa_C3_13,Empresa_C3_4,1551469
Empresa_C3_13,Empresa_C3_5,618534
Empresa_C3_13,Empresa_C3_6,961309
Empresa_C3_13,Empresa_C3_7,781908
Empresa_C3_13,Empresa_C3_8,2796267
Empresa_C3_13,Empresa_C3_9,834769
Empresa_C3_13,Empresa_C3_10,1345749
Empresa_C3_13,Empresa_C3_11,174723
Empresa_C3_13,Empresa_C3_12,1021815
Empresa_C3_13,Empresa_C3_14,1633017
Empresa_C3_13,Empresa_C3_15,192416
Empresa_C3_13,Empresa_C3_16,1977329
Empresa_C3_13,Empresa_C3_17,584976
Empresa_C3_13,Empresa_C3_19,675300
Empresa_C3_13,Empresa_C4_15,178947
Empresa_C3_13,Empresa_C6_13,940268
Empresa_C3_14,Empresa_C3_1,1588524
Empresa_C3_14,Empresa_C3_2,1696436
Empresa_C3_14,Empresa_C3_3,950122
Empresa_C3_14,Empresa_C3_4,136948
Empresa_C3_14,Empresa_C3_5,1632713
Empresa_C3_14,Empresa_C3_6,1755776
Empresa_C3_14,Empresa_C3_7,1643912
Empresa_C3_14,Empresa_C3_8,1108507
Empresa_C3_14,Empresa_C3_11,1891825
Empresa_C3_14,Empresa_C3_13,1034622
Empresa_C3_14,Empresa_C3_16,677539
Empresa_C3_14,Empresa_C3_20,1824192
Empresa_C3_15,Empresa_C3_2,1914740
Empresa_C3_15,Empresa_C3_4,1135340
Empresa_C3_15,Empresa_C3_5,889703
Empresa_C3_15,Empresa_C3_6,1132345
Empresa_C3_15,Empresa_C3_7,461732
Empresa_C3_15,Empresa_C3_8,316194
Empresa_C3_15,Empresa_C3_9,1600174
Empresa_C3_15,Empresa_C3_10,198662
Empresa_C3_15,Empresa_C3_11,1016283
Empresa_C3_15,Empresa_C3_13,1155608
Empresa_C3_15,Empresa_C3_16,1728128
Empresa_C3_15,Empresa_C3_17,448249
Empresa_C3_15,Empresa_C3_18,1510124
Empresa_C3_15,Empresa_C4_20,924341
Empresa_C3_15,Empresa_C6_4,240073
Empresa_C3_16,Empresa_C1_18,1878727
Empresa_C3_16,Empresa_C3_1,3863033
Empresa_C3_16,Empresa_C3_2,1582610
Empresa_C3_16,Empresa_C3_3,1930455
Empresa_C3_16,Empresa_C3_4,1600033
Empresa_C3_16,Empresa_C3_6,1904255
Empresa_C3_16,Empresa_C3_7,1918182
Empresa_C3_16,Empresa_C3_8,1322493
Empresa_C3_16,Empresa_C3_9,1545675
Empresa_C3_16,Empresa_C3_10,1275711
Empresa_C3_16,Empresa_C3_12,1794708
Empresa_C3_16,Empresa_C3_13,1089924
Empresa_C3_16,Empresa_C3_15,169224
Empresa_C3_16,Empresa_C3_17,1586498
Empresa_C3_16,Empresa_C3_20,1029717
Empresa_C3_16,Empresa_C4_2,1179593
Empresa_C3_16,Empresa_C4_13,1411147
Empresa_C3_16,Empresa_C5_5,905231
Empresa_C3_17,Empresa_C1_2,834303
Empresa_C3_17,Empresa_C3_5,632669
Empresa_C3_17,Empresa_C3_6,412051
Empresa_C3_17,Empresa_C3_8,1300182
Empresa_C3_17,Empresa_C3_9,1876025
Empresa_C3_17,Empresa_C3_10,1833341
Empresa_C3_17,Empresa_C3_11,3842557
Empresa_C3_17,Empresa_C3_12,806376
Empresa_C3_17,Empresa_C3_15,397180
Empresa_C3_17,Empresa_C3_16,782527
Empresa_C3_17,Empresa_C3_20,949333
Empresa_C3_17,Empresa_C5_18,917276
Empresa_C3_18,Empresa_C1_15,824410
Empresa_C3_18,Empresa_C3_1,1013817
Empresa_C3_18,Empresa_C3_3,675100
Empresa_C3_18,Empresa_C3_4,125395
Empresa_C3_18,Empresa_C3_6,324839
Empresa_C3_18,Empresa_C3_9,993155
Empresa_C3_18,Empresa_C3_11,266415
Empresa_C3_18,Empresa_C3_12,1416461
Empresa_C3_18,Empresa_C3_13,726854
Empresa_C3_18,Empresa_C3_15,1974031
Empresa_C3_18,Empresa_C3_17,3071039
Empresa_C3_18,Empresa_C3_19,520474
Empresa_C3_18,Empresa_C6_12,2795741
Empresa_C3_19,Empresa_C2_2,928667
Empresa_C3_19,Empresa_C2_18,1335799
Empresa_C3_19,Empresa_C3_1,829887
Empresa_C3_19,Empresa_C3_3,1493749
Empresa_C3_19,Empresa_C3_6,643628
Empresa_C3_19,Empresa_C3_8,1499076
Empresa_C3_19,Empresa_C3_13,884627
Empresa_C3_19,Empresa_C3_15,411207
Empresa_C3_19,Empresa_C3_16,1022996
Empresa_C3_19,Empresa_C3_17,541913
Empresa_C3_19,Empresa_C3_18,3329612
Empresa_C3_19,Empresa_C3_20,816079
Empresa_C3_20,Empresa_C1_15,1886272
Empresa_C3_20,Empresa_C3_1,1839549
Empresa_C3_20,Empresa_C3_2,396177
Empresa_C3_20,Empresa_C3_3,1279418
Empresa_C3_20,Empresa_C3_4,1617810
Empresa_C3_20,Empresa_C3_5,1425426
Empresa_C3_20,Empresa_C3_7,1888949
Empresa_C3_20,Empresa_C3_8,1473464
Empresa_C3_20,Empresa_C3_13,455439
Empresa_C3_20,Empresa_C3_14,983706
Empresa_C3_20,Empresa_C3_16,557141
Empresa_C3_20,Empresa_C3_17,1380985
Empresa_C3_20,Empresa_C4_3,1574234
Empresa_C3_20,Empresa_C4_16,588633
Empresa_C3_20,Empresa_C6_20,2367376
Empresa_C4_1,Empresa_C1_9,1705708
Empresa_C4_1,Empresa_C1_15,835609
Empresa_C4_1,Empresa_C2_12,1383643
Empresa_C4_1,Empresa_C3_15,1847888
Empresa_C4_1,Empresa_C4_5,555911
Empresa_C4_1,Empresa_C4_6,1436371
Empresa_C4_1,Empresa_C4_8,628111
Empresa_C4_1,Empresa_C4_9,1216541
Empresa_C4_1,Empresa_C4_10,765897
Empresa_C4_1,Empresa_C4_11,601443
Empresa_C4_1,Empresa_C4_13,437864
Empresa_C4_1,Empresa_C4_15,276774
Empresa_C4_1,Empresa_C4_16,651556
Empresa_C4_1,Empresa_C4_17,546799
Empresa_C4_1,Empresa_C4_18,1854366
Empresa_C4_1,Empresa_C4_20,1668042
Empresa_C4_1,Empresa_C5_7,569054
Empresa_C4_1,Empresa_C5_16,1263594
Empresa_C4_1,Empresa_C6_18,844700
Empresa_C4_2,Empresa_C3_18,321516
Empresa_C4_2,Empresa_C4_3,484533
Empresa_C4_2,Empresa_C4_4,401857
Empresa_C4_2,Empresa_C4_5,854016
Empresa_C4_2,Empresa_C4_6,2965722
Empresa_C4_2,Empresa_C4_8,752619
Empresa_C4_2,Empresa_C4_11,1981016
Empresa_C4_2,Empresa_C4_16,132356
Empresa_C4_2,Empresa_C4_17,371609
Empresa_C4_2,Empresa_C4_20,1689291
Empresa_C4_3,Empresa_C1_3,1593149
Empresa_C4_3,Empresa_C4_1,650613
Empresa_C4_3,Empresa_C4_5,920047
Empresa_C4_3,Empresa_C4_6,1564517
Empresa_C4_3,Empresa_C4_7,242770
Empresa_C4_3,Empresa_C4_9,984094
Empresa_C4_3,Empresa_C4_10,1132564
Empresa_C4_3,Empresa_C4_12,613676
Empresa_C4_3,Empresa_C4_13,1456312
Empresa_C4_3,Empresa_C4_14,1617060
Empresa_C4_3,Empresa_C4_16,1232297
Empresa_C4_3,Empresa_C4_17,908118
Empresa_C4_3,Empresa_C4_19,1897511
Empresa_C4_3,Empresa_C4_20,421243
Empresa_C4_3,Empresa_C6_7,1669157
Empresa_C4_3,Empresa_C6_14,1802408
Empresa_C4_4,Empresa_C1_12,629149
Empresa_C4_4,Empresa_C3_9,1672102
Empresa_C4_4,Empresa_C4_2,1205391
Empresa_C4_4,Empresa_C4_3,1107536
Empresa_C4_4,Empresa_C4_6,857596
Empresa_C4_4,Empresa_C4_7,669955
Empresa_C4_4,Empresa_C4_9,962380
Empresa_C4_4,Empresa_C4_12,783775
Empresa_C4_4,Empresa_C4_16,795202
Empresa_C4_4,Empresa_C4_17,326812
Empresa_C4_4,Empresa_C4_19,552532
Empresa_C4_5,Empresa_C4_2,1103639
Empresa_C4_5,Empresa_C4_3,1063750
Empresa_C4_5,Empresa_C4_4,1294497
Empresa_C4_5,Empresa_C4_7,1821976
Empresa_C4_5,Empresa_C4_9,680526
Empresa_C4_5,Empresa_C4_10,396751
Empresa_C4_5,Empresa_C4_11,1557082
Empresa_C4_5,Empresa_C4_14,1035280
Empresa_C4_5,Empresa_C4_18,1374713
Empresa_C4_5,Empresa_C4_20,259876
Empresa_C4_6,Empresa_C1_7,1974434
Empresa_C4_6,Empresa_C1_14,1420780
Empresa_C4_6,Empresa_C2_18,3353328
Empresa_C4_6,Empresa_C4_1,166202
Empresa_C4_6,Empresa_C4_2,855724
Empresa_C4_6,Empresa_C4_3,1536052
Empresa_C4_6,Empresa_C4_4,1787164
Empresa_C4_6,Empresa_C4_5,262776
Empresa_C4_6,Empresa_C4_7,866230
Empresa_C4_6,Empresa_C4_8,1417294
Empresa_C4_6,Empresa_C4_10,1225914
Empresa_C4_6,Empresa_C4_11,703350
Empresa_C4_6,Empresa_C4_12,1081769
Empresa_C4_6,Empresa_C4_14,331946
Empresa_C4_6,Empresa_C4_16,1735377
Empresa_C4_6,Empresa_C4_17,659486
Empresa_C4_6,Empresa_C4_18,1078536
Empresa_C4_6,Empresa_C4_20,489027
Empresa_C4_7,Empresa_C4_1,1657658
Empresa_C4_7,Empresa_C4_4,976038
Empresa_C4_7,Empresa_C4_5,1072425
Empresa_C4_7,Empresa_C4_6,452868
Empresa_C4_7,Empresa_C4_8,535413
Empresa_C4_7,Empresa_C4_10,660643
Empresa_C4_7,Empresa_C4_11,1835081
Empresa_C4_7,Empresa_C4_13,600638
Empresa_C4_7,Empresa_C4_14,1559325
Empresa_C4_7,Empresa_C4_15,1986038
Empresa_C4_7,Empresa_C4_16,427608
Empresa_C4_7,Empresa_C4_17,744742
Empresa_C4_7,Empresa_C4_18,262818
Empresa_C4_7,Empresa_C4_19,705829
Empresa_C4_7,Empresa_C5_18,1788367
Empresa_C4_7,Empresa_C6_3,1141963
Empresa_C4_7,Empresa_C6_18,1350240
Empresa_C4_8,Empresa_C1_18,323023
Empresa_C4_8,Empresa_C1_20,1309542
Empresa_C4_8,Empresa_C4_1,1913281
Empresa_C4_8,Empresa_C4_3,567018
Empresa_C4_8,Empresa_C4_4,1358061
Empresa_C4_8,Empresa_C4_5,1743074
Empresa_C4_8,Empresa_C4_6,1197158
Empresa_C4_8,Empresa_C4_7,3858949
Empresa_C4_8,Empresa_C4_9,1108725
Empresa_C4_8,Empresa_C4_11,1512160
Empresa_C4_8,Empresa_C4_16,1645309
Empresa_C4_8,Empresa_C4_20,1307563
Empresa_C4_8,Empresa_C6_17,258502
Empresa_C4_9,Empresa_C4_1,1701579
Empresa_C4_9,Empresa_C4_4,1476236
Empresa_C4_9,Empresa_C4_6,918403
Empresa_C4_9,Empresa_C4_8,400102
Empresa_C4_9,Empresa_C4_10,313328
Empresa_C4_9,Empresa_C4_12,1972898
Empresa_C4_9,Empresa_C4_13,920173
Empresa_C4_9,Empresa_C4_14,1715767
Empresa_C4_9,Empresa_C4_15,1330220
Empresa_C4_9,Empresa_C4_17,1528146
Empresa_C4_9,Empresa_C4_19,1993223
Empresa_C4_9,Empresa_C4_20,194835
Empresa_C4_9,Empresa_C5_4,1045136
Empresa_C4_9,Empresa_C5_12,137170
Empresa_C4_9,Empresa_C6_12,1191838
Empresa_C4_10,Empresa_C1_14,895016
Empresa_C4_10,Empresa_C3_4,1758412
Empresa_C4_10,Empresa_C3_19,1280728
Empresa_C4_10,Empresa_C4_1,1935647
Empresa_C4_10,Empresa_C4_3,1926370
Empresa_C4_10,Empresa_C4_4,994030
Empresa_C4_10,Empresa_C4_7,1538098
Empresa_C4_10,Empresa_C4_9,345752
Empresa_C4_10,Empresa_C4_12,1788678
Empresa_C4_10,Empresa_C4_15,113580
Empresa_C4_10,Empresa_C4_16,990965
Empresa_C4_10,Empresa_C4_19,552201
Empresa_C4_10,Empresa_C4_20,404960
Empresa_C4_10,Empresa_C5_3,836200
Empresa_C4_10,Empresa_C5_17,482605
Empresa_C4_11,Empresa_C2_1,880751
Empresa_C4_11,Empresa_C3_2,1334686
Empresa_C4_11,Empresa_C4_2,572650
Empresa_C4_11,Empresa_C4_5,940172
Empresa_C4_11,Empresa_C4_8,644283
Empresa_C4_11,Empresa_C4_10,589788
Empresa_C4_11,Empresa_C4_12,123466
Empresa_C4_11,Empresa_C4_16,644929
Empresa_C4_11,Empresa_C4_19,1380851
Empresa_C4_11,Empresa_C4_20,281136
Empresa_C4_11,Empresa_C6_11,622485
Empresa_C4_11,Empresa_C6_18,581018
Empresa_C4_12,Empresa_C1_3,135568
Empresa_C4_12,Empresa_C1_13,1286477
Empresa_C4_12,Empresa_C1_17,1451387
Empresa_C4_12,Empresa_C3_14,1680112
Empresa_C4_12,Empresa_C4_2,1180393
Empresa_C4_12,Empresa_C4_3,1073283
Empresa_C4_12,Empresa_C4_7,1796437
Empresa_C4_12,Empresa_C4_8,493238
Empresa_C4_12,Empresa_C4_9,705984
Empresa_C4_12,Empresa_C4_10,908157
Empresa_C4_12,Empresa_C4_11,120557
Empresa_C4_12,Empresa_C4_17,700577
Empresa_C4_12,Empresa_C4_20,1497260
Empresa_C4_12,Empresa_C5_2,926395
Empresa_C4_13,Empresa_C1_20,119416
Empresa_C4_13,Empresa_C2_3,1396371
Empresa_C4_13,Empresa_C3_13,951740
Empresa_C4_13,Empresa_C4_1,1945691
Empresa_C4_13,Empresa_C4_3,2860588
Empresa_C4_13,Empresa_C4_4,859774
Empresa_C4_13,Empresa_C4_5,537509
Empresa_C4_13,Empresa_C4_6,363369
Empresa_C4_13,Empresa_C4_8,1375377
Empresa_C4_13,Empresa_C4_14,1903541
Empresa_C4_13,Empresa_C4_15,387312
Empresa_C4_13,Empresa_C4_20,1730910
Empresa_C4_13,Empresa_C6_19,764882
Empresa_C4_14,Empresa_C3_16,1639109
Empresa_C4_14,Empresa_C4_2,1417758
Empresa_C4_14,Empresa_C4_4,854189
Empresa_C4_14,Empresa_C4_5,322322
Empresa_C4_14,Empresa_C4_8,1249672
Empresa_C4_14,Empresa_C4_9,184335
Empresa_C4_14,Empresa_C4_15,1842225
Empresa_C4_14,Empresa_C4_18,356760
Empresa_C4_14,Empresa_C4_19,581503
Empresa_C4_15,Empresa_C1_9,461995
Empresa_C4_15,Empresa_C3_4,532809
Empresa_C4_15,Empresa_C4_5,1055390
Empresa_C4_15,Empresa_C4_6,1463518
Empresa_C4_15,Empresa_C4_8,236772
Empresa_C4_15,Empresa_C4_9,315963
Empresa_C4_15,Empresa_C4_11,1935034
Empresa_C4_15,Empresa_C4_12,810463
Empresa_C4_15,Empresa_C4_14,976122
Empresa_C4_15,Empresa_C4_16,1601012
Empresa_C4_15,Empresa_C4_18,690620
Empresa_C4_15,Empresa_C4_19,4526354
Empresa_C4_15,Empresa_C4_20,258116
Empresa_C4_15,Empresa_C6_1,1997822
Empresa_C4_16,Empresa_C4_1,1359663
Empresa_C4_16,Empresa_C4_2,108981
Empresa_C4_16,Empresa_C4_9,273412
Empresa_C4_16,Empresa_C4_10,1882478
Empresa_C4_16,Empresa_C4_11,1668473
Empresa_C4_16,Empresa_C4_14,976143
Empresa_C4_16,Empresa_C4_15,1174377
Empresa_C4_16,Empresa_C4_18,941967
Empresa_C4_16,Empresa_C4_20,3379079
Empresa_C4_16,Empresa_C5_6,1552940
Empresa_C4_17,Empresa_C1_2,693695
Empresa_C4_17,Empresa_C2_8,1582171
Empresa_C4_17,Empresa_C2_10,848501
Empresa_C4_17,Empresa_C3_12,420098
Empresa_C4_17,Empresa_C3_13,857902
Empresa_C4_17,Empresa_C4_3,194266
Empresa_C4_17,Empresa_C4_4,234974
Empresa_C4_17,Empresa_C4_5,1116487
Empresa_C4_17,Empresa_C4_6,341472
Empresa_C4_17,Empresa_C4_7,115675
Empresa_C4_17,Empresa_C4_8,713337
Empresa_C4_17,Empresa_C4_9,1782954
Empresa_C4_17,Empresa_C4_11,1203371
Empresa_C4_17,Empresa_C4_12,1460706
Empresa_C4_17,Empresa_C4_15,966069
Empresa_C4_17,Empresa_C4_19,446228
Empresa_C4_17,Empresa_C4_20,1777281
Empresa_C4_18,Empresa_C4_2,365199
Empresa_C4_18,Empresa_C4_3,104642
Empresa_C4_18,Empresa_C4_5,621315
Empresa_C4_18,Empresa_C4_6,1787047
Empresa_C4_18,Empresa_C4_7,173820
Empresa_C4_18,Empresa_C4_9,1889033
Empresa_C4_18,Empresa_C4_10,639956
Empresa_C4_18,Empresa_C4_11,902161
Empresa_C4_18,Empresa_C4_14,592665
Empresa_C4_18,Empresa_C4_16,366651
Empresa_C4_18,Empresa_C4_17,1807928
Empresa_C4_18,Empresa_C4_20,1163881
Empresa_C4_18,Empresa_C5_17,1190297
Empresa_C4_19,Empresa_C2_10,4887277
Empresa_C4_19,Empresa_C4_2,1446062
Empresa_C4_19,Empresa_C4_3,1263412
Empresa_C4_19,Empresa_C4_4,1279248
Empresa_C4_19,Empresa_C4_6,701305
Empresa_C4_19,Empresa_C4_8,1839528
Empresa_C4_19,Empresa_C4_9,686686
Empresa_C4_19,Empresa_C4_10,1274189
Empresa_C4_19,Empresa_C4_11,238997
Empresa_C4_19,Empresa_C4_13,936507
Empresa_C4_19,Empresa_C4_17,1516642
Empresa_C4_19,Empresa_C4_20,1409764
Empresa_C4_19,Empresa_C6_6,1359901
Empresa_C4_20,Empresa_C1_8,1610686
Empresa_C4_20,Empresa_C4_6,1797662
Empresa_C4_20,Empresa_C4_8,1592305
Empresa_C4_20,Empresa_C4_9,821558
Empresa_C4_20,Empresa_C4_10,1156943
Empresa_C4_20,Empresa_C4_11,1688446
Empresa_C4_20,Empresa_C4_12,1694745
Empresa_C4_20,Empresa_C4_14,1156509
Empresa_C4_20,Empresa_C4_16,1131830
Empresa_C4_20,Empresa_C4_19,1351258
Empresa_C4_20,Empresa_C5_6,355549
Empresa_C5_1,Empresa_C1_8,1500167
Empresa_C5_1,Empresa_C3_5,3111074
Empresa_C5_1,Empresa_C4_15,1672566
Empresa_C5_1,Empresa_C5_3,1999342
Empresa_C5_1,Empresa_C5_4,1317997
Empresa_C5_1,Empresa_C5_5,1563321
Empresa_C5_1,Empresa_C5_6,929321
Empresa_C5_1,Empresa_C5_7,290091
Empresa_C5_1,Empresa_C5_8,800066
Empresa_C5_1,Empresa_C5_9,664267
Empresa_C5_1,Empresa_C5_10,1028137
Empresa_C5_1,Empresa_C5_12,2642532
Empresa_C5_1,Empresa_C5_13,1708990
Empresa_C5_1,Empresa_C5_14,1642091
Empresa_C5_1,Empresa_C5_16,1559222
Empresa_C5_1,Empresa_C5_19,434956
Empresa_C5_2,Empresa_C5_1,1882414
Empresa_C5_2,Empresa_C5_3,975551
Empresa_C5_2,Empresa_C5_5,1570202
Empresa_C5_2,Empresa_C5_6,500385
Empresa_C5_2,Empresa_C5_7,1344915
Empresa_C5_2,Empresa_C5_8,1098982
Empresa_C5_2,Empresa_C5_12,1872015
Empresa_C5_2,Empresa_C5_14,1165405
Empresa_C5_2,Empresa_C5_16,218576
Empresa_C5_2,Empresa_C5_17,1216741
Empresa_C5_2,Empresa_C5_18,1735039
Empresa_C5_2,Empresa_C5_19,1436939
Empresa_C5_2,Empresa_C5_20,699255
Empresa_C5_3,Empresa_C5_2,1259358
Empresa_C5_3,Empresa_C5_4,407822
Empresa_C5_3,Empresa_C5_5,3455483
Empresa_C5_3,Empresa_C5_6,1845234
Empresa_C5_3,Empresa_C5_7,925217
Empresa_C5_3,Empresa_C5_8,817084
Empresa_C5_3,Empresa_C5_10,1493467
Empresa_C5_3,Empresa_C5_15,321746
Empresa_C5_3,Empresa_C5_17,802221
Empresa_C5_3,Empresa_C5_18,366496
Empresa_C5_3,Empresa_C5_19,251521
Empresa_C5_3,Empresa_C5_20,893936
Empresa_C5_4,Empresa_C1_13,1303355
Empresa_C5_4,Empresa_C3_7,1400529
Empresa_C5_4,Empresa_C4_13,1437582
Empresa_C5_4,Empresa_C5_6,825311
Empresa_C5_4,Empresa_C5_7,3490195
Empresa_C5_4,Empresa_C5_8,246626
Empresa_C5_4,Empresa_C5_10,1427873
Empresa_C5_4,Empresa_C5_11,1721968
Empresa_C5_4,Empresa_C5_12,1072461
Empresa_C5_4,Empresa_C5_14,1744306
Empresa_C5_4,Empresa_C5_18,520141
Empresa_C5_4,Empresa_C5_19,1391527
Empresa_C5_4,Empresa_C5_20,509336
Empresa_C5_5,Empresa_C1_3,1778751
Empresa_C5_5,Empresa_C3_3,3995259
Empresa_C5_5,Empresa_C5_1,288349
Empresa_C5_5,Empresa_C5_2,1329737
Empresa_C5_5,Empresa_C5_3,992078
Empresa_C5_5,Empresa_C5_4,1767106
Empresa_C5_5,Empresa_C5_8,1785978
Empresa_C5_5,Empresa_C5_10,830782
Empresa_C5_5,Empresa_C5_12,1774842
Empresa_C5_5,Empresa_C5_16,807597
Empresa_C5_5,Empresa_C5_19,1670925
Empresa_C5_6,Empresa_C1_7,1900467
Empresa_C5_6,Empresa_C1_13,1836422
Empresa_C5_6,Empresa_C1_18,673367
Empresa_C5_6,Empresa_C4_20,974261
Empresa_C5_6,Empresa_C5_2,1479912
Empresa_C5_6,Empresa_C5_3,1832266
Empresa_C5_6,Empresa_C5_7,1825265
Empresa_C5_6,Empresa_C5_8,1356102
Empresa_C5_6,Empresa_C5_9,1513387
Empresa_C5_6,Empresa_C5_11,1019372
Empresa_C5_6,Empresa_C5_12,535078
Empresa_C5_6,Empresa_C5_13,1569975
Empresa_C5_6,Empresa_C5_14,1547072
Empresa_C5_6,Empresa_C5_16,441768
Empresa_C5_6,Empresa_C5_18,1322178
Empresa_C5_6,Empresa_C5_19,323626
Empresa_C5_7,Empresa_C2_9,136368
Empresa_C5_7,Empresa_C3_7,1432467
Empresa_C5_7,Empresa_C5_1,1563028
Empresa_C5_7,Empresa_C5_2,1278092
Empresa_C5_7,Empresa_C5_6,1157721
Empresa_C5_7,Empresa_C5_10,2595930
Empresa_C5_7,Empresa_C5_11,1075288
Empresa_C5_7,Empresa_C5_12,1846885
Empresa_C5_7,Empresa_C5_13,556770
Empresa_C5_7,Empresa_C5_14,1440731
Empresa_C5_7,Empresa_C5_15,1270365
Empresa_C5_7,Empresa_C5_16,222994
Empresa_C5_7,Empresa_C5_17,4791748
Empresa_C5_7,Empresa_C5_20,3830663
Empresa_C5_8,Empresa_C2_9,978058
Empresa_C5_8,Empresa_C3_8,1514933
Empresa_C5_8,Empresa_C3_15,1520750
Empresa_C5_8,Empresa_C3_18,1592822
Empresa_C5_8,Empresa_C5_2,985704
Empresa_C5_8,Empresa_C5_4,899800
Empresa_C5_8,Empresa_C5_5,731475
Empresa_C5_8,Empresa_C5_6,858921
Empresa_C5_8,Empresa_C5_7,1876861
Empresa_C5_8,Empresa_C5_9,1392179
Empresa_C5_8,Empresa_C5_11,172663
Empresa_C5_8,Empresa_C5_12,1619934
Empresa_C5_8,Empresa_C5_13,634396
Empresa_C5_8,Empresa_C5_14,1325647
Empresa_C5_8,Empresa_C5_16,1525826
Empresa_C5_8,Empresa_C5_18,130881
Empresa_C5_8,Empresa_C5_19,1401765
Empresa_C5_8,Empresa_C5_20,741627
Empresa_C5_9,Empresa_C2_19,312736
Empresa_C5_9,Empresa_C4_15,1456051
Empresa_C5_9,Empresa_C5_2,1018241
Empresa_C5_9,Empresa_C5_3,1397816
Empresa_C5_9,Empresa_C5_4,1653851
Empresa_C5_9,Empresa_C5_6,1793899
Empresa_C5_9,Empresa_C5_8,361046
Empresa_C5_9,Empresa_C5_10,208197
Empresa_C5_9,Empresa_C5_12,1418557
Empresa_C5_9,Empresa_C5_13,358750
Empresa_C5_9,Empresa_C5_14,1434132
Empresa_C5_9,Empresa_C5_18,801773
Empresa_C5_9,Empresa_C5_19,341630
Empresa_C5_10,Empresa_C1_3,786838
Empresa_C5_10,Empresa_C5_1,1813381
Empresa_C5_10,Empresa_C5_2,1369343
Empresa_C5_10,Empresa_C5_3,267659
Empresa_C5_10,Empresa_C5_4,1860024
Empresa_C5_10,Empresa_C5_5,1497928
Empresa_C5_10,Empresa_C5_7,829695
Empresa_C5_10,Empresa_C5_8,1801886
Empresa_C5_10,Empresa_C5_9,413260
Empresa_C5_10,Empresa_C5_12,4473909
Empresa_C5_10,Empresa_C5_13,628222
Empresa_C5_10,Empresa_C5_16,1278350
Empresa_C5_10,Empresa_C5_17,1234573
Empresa_C5_10,Empresa_C5_18,1065098
Empresa_C5_10,Empresa_C5_19,723536
Empresa_C5_10,Empresa_C5_20,793278
Empresa_C5_11,Empresa_C5_2,833349
Empresa_C5_11,Empresa_C5_3,800849
Empresa_C5_11,Empresa_C5_6,1704313
Empresa_C5_11,Empresa_C5_8,1186356
Empresa_C5_11,Empresa_C5_10,664493
Empresa_C5_11,Empresa_C5_13,1684492
Empresa_C5_11,Empresa_C5_16,1269330
Empresa_C5_11,Empresa_C5_17,1655482
Empresa_C5_11,Empresa_C5_18,656888
Empresa_C5_11,Empresa_C5_19,448109
Empresa_C5_11,Empresa_C6_10,430019
Empresa_C5_12,Empresa_C5_2,256359
Empresa_C5_12,Empresa_C5_3,1654507
Empresa_C5_12,Empresa_C5_4,160616
Empresa_C5_12,Empresa_C5_5,1643227
Empresa_C5_12,Empresa_C5_6,383269
Empresa_C5_12,Empresa_C5_8,616941
Empresa_C5_12,Empresa_C5_9,113869
Empresa_C5_12,Empresa_C5_10,767482
Empresa_C5_12,Empresa_C5_11,645965
Empresa_C5_12,Empresa_C5_13,536401
Empresa_C5_12,Empresa_C5_14,140503
Empresa_C5_12,Empresa_C5_15,1854055
Empresa_C5_12,Empresa_C5_16,447694
Empresa_C5_12,Empresa_C5_18,668043
Empresa_C5_12,Empresa_C5_19,552219
Empresa_C5_12,Empresa_C5_20,1464172
Empresa_C5_12,Empresa_C6_10,3047698
Empresa_C5_13,Empresa_C5_1,522994
Empresa_C5_13,Empresa_C5_2,1194182
Empresa_C5_13,Empresa_C5_3,1566229
Empresa_C5_13,Empresa_C5_4,1950007
Empresa_C5_13,Empresa_C5_5,1397041
Empresa_C5_13,Empresa_C5_6,1080382
Empresa_C5_13,Empresa_C5_8,425112
Empresa_C5_13,Empresa_C5_10,1652892
Empresa_C5_13,Empresa_C5_16,1077042
Empresa_C5_13,Empresa_C5_18,2694403
Empresa_C5_13,Empresa_C5_19,1233435
Empresa_C5_13,Empresa_C5_20,930171
Empresa_C5_13,Empresa_C6_16,1905106
Empresa_C5_14,Empresa_C2_5,893983
Empresa_C5_14,Empresa_C5_1,532911
Empresa_C5_14,Empresa_C5_2,1877346
Empresa_C5_14,Empresa_C5_3,1494288
Empresa_C5_14,Empresa_C5_4,1717734
Empresa_C5_14,Empresa_C5_8,1627564
Empresa_C5_14,Empresa_C5_9,893480
Empresa_C5_14,Empresa_C5_11,669505
Empresa_C5_14,Empresa_C5_12,1026213
Empresa_C5_14,Empresa_C5_13,719675
Empresa_C5_14,Empresa_C5_15,1075601
Empresa_C5_14,Empresa_C5_16,913842
Empresa_C5_14,Empresa_C5_17,186569
Empresa_C5_14,Empresa_C5_18,1170213
Empresa_C5_14,Empresa_C5_19,4228394
Empresa_C5_14,Empresa_C5_20,627703
Empresa_C5_15,Empresa_C2_17,611801
Empresa_C5_15,Empresa_C5_1,754433
Empresa_C5_15,Empresa_C5_2,1455560
Empresa_C5_15,Empresa_C5_5,1646593
Empresa_C5_15,Empresa_C5_6,1122801
Empresa_C5_15,Empresa_C5_7,755930
Empresa_C5_15,Empresa_C5_8,862638
Empresa_C5_15,Empresa_C5_9,1434918
Empresa_C5_15,Empresa_C5_10,1553169
Empresa_C5_15,Empresa_C5_11,1001659
Empresa_C5_15,Empresa_C5_12,1543455
Empresa_C5_15,Empresa_C5_13,3330352
Empresa_C5_15,Empresa_C5_14,919932
Empresa_C5_15,Empresa_C5_17,802640
Empresa_C5_15,Empresa_C5_18,1876528
Empresa_C5_16,Empresa_C3_5,1546535
Empresa_C5_16,Empresa_C3_16,1753407
Empresa_C5_16,Empresa_C5_2,1374539
Empresa_C5_16,Empresa_C5_3,1427506
Empresa_C5_16,Empresa_C5_4,693990
Empresa_C5_16,Empresa_C5_8,242512
Empresa_C5_16,Empresa_C5_9,953524
Empresa_C5_16,Empresa_C5_11,1365512
Empresa_C5_16,Empresa_C5_12,1861985
Empresa_C5_16,Empresa_C5_17,126597
Empresa_C5_17,Empresa_C3_15,1453750
Empresa_C5_17,Empresa_C5_3,1629269
Empresa_C5_17,Empresa_C5_4,274953
Empresa_C5_17,Empresa_C5_6,1047143
Empresa_C5_17,Empresa_C5_8,979947
Empresa_C5_17,Empresa_C5_9,4261855
Empresa_C5_17,Empresa_C5_14,367993
Empresa_C5_17,Empresa_C5_16,434639
Empresa_C5_17,Empresa_C5_18,1000155
Empresa_C5_17,Empresa_C6_5,1791500
Empresa_C5_17,Empresa_C6_14,652169
Empresa_C5_18,Empresa_C5_1,1660050
Empresa_C5_18,Empresa_C5_2,1608905
Empresa_C5_18,Empresa_C5_3,239648
Empresa_C5_18,Empresa_C5_4,3017943
Empresa_C5_18,Empresa_C5_6,1126392
Empresa_C5_18,Empresa_C5_7,793956
Empresa_C5_18,Empresa_C5_8,1335078
Empresa_C5_18,Empresa_C5_9,1099601
Empresa_C5_18,Empresa_C5_13,1859775
Empresa_C5_18,Empresa_C5_14,1665474
Empresa_C5_18,Empresa_C5_15,756053
Empresa_C5_18,Empresa_C5_17,698998
Empresa_C5_18,Empresa_C6_13,145310
Empresa_C5_19,Empresa_C1_1,123439
Empresa_C5_19,Empresa_C1_18,1877182
Empresa_C5_19,Empresa_C4_14,4908942
Empresa_C5_19,Empresa_C5_1,879375
Empresa_C5_19,Empresa_C5_2,1851016
Empresa_C5_19,Empresa_C5_6,272263
Empresa_C5_19,Empresa_C5_7,804914
Empresa_C5_19,Empresa_C5_8,544605
Empresa_C5_19,Empresa_C5_9,1090975
Empresa_C5_19,Empresa_C5_10,562757
Empresa_C5_19,Empresa_C5_13,1276303
Empresa_C5_19,Empresa_C5_14,1460014
Empresa_C5_19,Empresa_C5_15,1710719
Empresa_C5_19,Empresa_C5_17,110910
Empresa_C5_19,Empresa_C5_18,894895
Empresa_C5_20,Empresa_C5_1,1825184
Empresa_C5_20,Empresa_C5_2,1458650
Empresa_C5_20,Empresa_C5_3,3984541
Empresa_C5_20,Empresa_C5_4,1018965
Empresa_C5_20,Empresa_C5_5,1824931
Empresa_C5_20,Empresa_C5_6,688310
Empresa_C5_20,Empresa_C5_8,1246615
Empresa_C5_20,Empresa_C5_9,4667246
Empresa_C5_20,Empresa_C5_10,1261341
Empresa_C5_20,Empresa_C5_11,549158
Empresa_C5_20,Empresa_C5_13,350483
Empresa_C5_20,Empresa_C5_15,900458
Empresa_C5_20,Empresa_C5_17,805191
Empresa_C5_20,Empresa_C6_1,1379696
Empresa_C5_20,Empresa_C6_14,4767360
Empresa_C6_1,Empresa_C4_3,1397982
Empresa_C6_1,Empresa_C4_9,198991
Empresa_C6_1,Empresa_C5_10,744838
Empresa_C6_1,Empresa_C6_6,1903629
Empresa_C6_1,Empresa_C6_8,499185
Empresa_C6_1,Empresa_C6_9,1485387
Empresa_C6_1,Empresa_C6_10,1294341
Empresa_C6_1,Empresa_C6_11,1738424
Empresa_C6_1,Empresa_C6_12,378588
Empresa_C6_1,Empresa_C6_13,609090
Empresa_C6_1,Empresa_C6_15,4943894
Empresa_C6_1,Empresa_C6_16,1418824
Empresa_C6_1,Empresa_C6_17,1143637
Empresa_C6_1,Empresa_C6_20,148167
Empresa_C6_2,Empresa_C4_16,1973341
Empresa_C6_2,Empresa_C6_1,522191
Empresa_C6_2,Empresa_C6_5,891329
Empresa_C6_2,Empresa_C6_10,419399
Empresa_C6_2,Empresa_C6_11,1933265
Empresa_C6_2,Empresa_C6_18,1939608
Empresa_C6_3,Empresa_C1_4,1082630
Empresa_C6_3,Empresa_C2_3,824568
Empresa_C6_3,Empresa_C3_14,4988556
Empresa_C6_3,Empresa_C6_2,542369
Empresa_C6_3,Empresa_C6_4,1940980
Empresa_C6_3,Empresa_C6_5,3711639
Empresa_C6_3,Empresa_C6_6,1992458
Empresa_C6_3,Empresa_C6_8,882884
Empresa_C6_3,Empresa_C6_11,624306
Empresa_C6_3,Empresa_C6_12,1839736
Empresa_C6_3,Empresa_C6_13,1385423
Empresa_C6_3,Empresa_C6_15,4894979
Empresa_C6_3,Empresa_C6_16,486804
Empresa_C6_3,Empresa_C6_18,1480882
Empresa_C6_3,Empresa_C6_19,885072
Empresa_C6_3,Empresa_C6_20,934673
Empresa_C6_4,Empresa_C1_6,1753365
Empresa_C6_4,Empresa_C6_1,1338155
Empresa_C6_4,Empresa_C6_3,761666
Empresa_C6_4,Empresa_C6_5,374507
Empresa_C6_4,Empresa_C6_6,1148765
Empresa_C6_4,Empresa_C6_7,1929364
Empresa_C6_4,Empresa_C6_10,839980
Empresa_C6_4,Empresa_C6_11,715692
Empresa_C6_4,Empresa_C6_12,203018
Empresa_C6_4,Empresa_C6_14,1962334
Empresa_C6_4,Empresa_C6_17,1775684
Empresa_C6_4,Empresa_C6_19,858175
Empresa_C6_4,Empresa_C6_20,968287
Empresa_C6_5,Empresa_C3_8,1785645
Empresa_C6_5,Empresa_C6_1,1536476
Empresa_C6_5,Empresa_C6_3,1524558
Empresa_C6_5,Empresa_C6_4,1632122
Empresa_C6_5,Empresa_C6_7,1099564
Empresa_C6_5,Empresa_C6_9,304390
Empresa_C6_5,Empresa_C6_11,1997243
Empresa_C6_5,Empresa_C6_13,1353246
Empresa_C6_5,Empresa_C6_18,1562983
Empresa_C6_6,Empresa_C2_12,626491
Empresa_C6_6,Empresa_C5_10,4033784
Empresa_C6_6,Empresa_C6_1,1500247
Empresa_C6_6,Empresa_C6_3,1137711
Empresa_C6_6,Empresa_C6_4,3124710
Empresa_C6_6,Empresa_C6_5,1410779
Empresa_C6_6,Empresa_C6_7,167114
Empresa_C6_6,Empresa_C6_8,1929921
Empresa_C6_6,Empresa_C6_9,1940285
Empresa_C6_6,Empresa_C6_10,1915385
Empresa_C6_6,Empresa_C6_13,787246
Empresa_C6_6,Empresa_C6_15,1689432
Empresa_C6_6,Empresa_C6_19,1293549
Empresa_C6_6,Empresa_C6_20,769897
Empresa_C6_7,Empresa_C6_1,496010
Empresa_C6_7,Empresa_C6_2,3393738
Empresa_C6_7,Empresa_C6_5,801335
Empresa_C6_7,Empresa_C6_9,763778
Empresa_C6_7,Empresa_C6_12,1146374
Empresa_C6_7,Empresa_C6_15,1823235
Empresa_C6_7,Empresa_C6_16,840781
Empresa_C6_7,Empresa_C6_17,388835
Empresa_C6_7,Empresa_C6_19,4595174
Empresa_C6_7,Empresa_C6_20,1318135
Empresa_C6_8,Empresa_C6_1,1228290
Empresa_C6_8,Empresa_C6_2,864227
Empresa_C6_8,Empresa_C6_3,1086354
Empresa_C6_8,Empresa_C6_4,1246423
Empresa_C6_8,Empresa_C6_7,1062874
Empresa_C6_8,Empresa_C6_9,285123
Empresa_C6_8,Empresa_C6_10,1780603
Empresa_C6_8,Empresa_C6_11,1445256
Empresa_C6_8,Empresa_C6_12,573212
Empresa_C6_8,Empresa_C6_14,783284
Empresa_C6_8,Empresa_C6_15,1482165
Empresa_C6_8,Empresa_C6_18,210380
Empresa_C6_8,Empresa_C6_19,4112946
Empresa_C6_8,Empresa_C6_20,447806
Empresa_C6_9,Empresa_C2_4,1737791
Empresa_C6_9,Empresa_C2_14,1583436
Empresa_C6_9,Empresa_C6_1,1054321
Empresa_C6_9,Empresa_C6_4,997898
Empresa_C6_9,Empresa_C6_5,2371022
Empresa_C6_9,Empresa_C6_7,189606
Empresa_C6_9,Empresa_C6_8,1158595
Empresa_C6_9,Empresa_C6_10,4441318
Empresa_C6_9,Empresa_C6_11,774472
Empresa_C6_9,Empresa_C6_12,984248
Empresa_C6_9,Empresa_C6_13,1363621
Empresa_C6_9,Empresa_C6_15,1439864
Empresa_C6_9,Empresa_C6_16,1471318
Empresa_C6_9,Empresa_C6_17,989302
Empresa_C6_9,Empresa_C6_18,1514132
Empresa_C6_9,Empresa_C6_19,1187175
Empresa_C6_10,Empresa_C5_20,1252154
Empresa_C6_10,Empresa_C6_1,1711920
Empresa_C6_10,Empresa_C6_2,1356870
Empresa_C6_10,Empresa_C6_4,1624265
Empresa_C6_10,Empresa_C6_7,1581750
Empresa_C6_10,Empresa_C6_11,674656
Empresa_C6_10,Empresa_C6_13,830377
Empresa_C6_10,Empresa_C6_15,522768
Empresa_C6_10,Empresa_C6_17,264364
Empresa_C6_10,Empresa_C6_19,1368984
Empresa_C6_10,Empresa_C6_20,1553831
Empresa_C6_11,Empresa_C2_15,827362
Empresa_C6_11,Empresa_C6_1,1833675
Empresa_C6_11,Empresa_C6_5,371695
Empresa_C6_11,Empresa_C6_6,1494817
Empresa_C6_11,Empresa_C6_7,102781
Empresa_C6_11,Empresa_C6_8,413807
Empresa_C6_11,Empresa_C6_9,495063
Empresa_C6_11,Empresa_C6_10,1275724
Empresa_C6_11,Empresa_C6_12,537140
Empresa_C6_11,Empresa_C6_14,1370748
Empresa_C6_11,Empresa_C6_15,1865794
Empresa_C6_11,Empresa_C6_16,614249
Empresa_C6_11,Empresa_C6_17,1402307
Empresa_C6_11,Empresa_C6_18,1005954
Empresa_C6_11,Empresa_C6_19,1526122
Empresa_C6_12,Empresa_C3_12,3465227
Empresa_C6_12,Empresa_C5_4,3557712
Empresa_C6_12,Empresa_C6_2,1891788
Empresa_C6_12,Empresa_C6_3,1882700
Empresa_C6_12,Empresa_C6_4,1453571
Empresa_C6_12,Empresa_C6_7,1814184
Empresa_C6_12,Empresa_C6_8,1471351
Empresa_C6_12,Empresa_C6_9,1376746
Empresa_C6_12,Empresa_C6_10,1377421
Empresa_C6_12,Empresa_C6_14,4428214
Empresa_C6_12,Empresa_C6_15,1374025
Empresa_C6_12,Empresa_C6_16,1791333
Empresa_C6_12,Empresa_C6_19,156467
Empresa_C6_13,Empresa_C6_1,684765
Empresa_C6_13,Empresa_C6_2,1836839
Empresa_C6_13,Empresa_C6_4,1182156
Empresa_C6_13,Empresa_C6_5,1827888
Empresa_C6_13,Empresa_C6_6,1621267
Empresa_C6_13,Empresa_C6_7,551420
Empresa_C6_13,Empresa_C6_8,1688768
Empresa_C6_13,Empresa_C6_9,1236045
Empresa_C6_13,Empresa_C6_10,127268
Empresa_C6_13,Empresa_C6_11,485905
Empresa_C6_13,Empresa_C6_12,621471
Empresa_C6_13,Empresa_C6_14,1636793
Empresa_C6_13,Empresa_C6_16,1174428
Empresa_C6_13,Empresa_C6_18,1397984
Empresa_C6_13,Empresa_C6_20,654868
Empresa_C6_14,Empresa_C1_12,1884164
Empresa_C6_14,Empresa_C6_1,1547832
Empresa_C6_14,Empresa_C6_5,472767
Empresa_C6_14,Empresa_C6_6,1504549
Empresa_C6_14,Empresa_C6_7,367637
Empresa_C6_14,Empresa_C6_8,1651471
Empresa_C6_14,Empresa_C6_9,1062798
Empresa_C6_14,Empresa_C6_10,787843
Empresa_C6_14,Empresa_C6_11,253807
Empresa_C6_14,Empresa_C6_12,464913
Empresa_C6_14,Empresa_C6_13,1928712
Empresa_C6_14,Empresa_C6_15,3394683
Empresa_C6_14,Empresa_C6_17,1151574
Empresa_C6_14,Empresa_C6_19,1078127
Empresa_C6_14,Empresa_C6_20,1807008
Empresa_C6_15,Empresa_C3_8,1023676
Empresa_C6_15,Empresa_C4_5,1585538
Empresa_C6_15,Empresa_C6_1,313869
Empresa_C6_15,Empresa_C6_2,1230027
Empresa_C6_15,Empresa_C6_3,1191144
Empresa_C6_15,Empresa_C6_4,804825
Empresa_C6_15,Empresa_C6_5,1625524
Empresa_C6_15,Empresa_C6_9,850550
Empresa_C6_15,Empresa_C6_11,1124011
Empresa_C6_15,Empresa_C6_13,771813
Empresa_C6_15,Empresa_C6_16,566401
Empresa_C6_15,Empresa_C6_19,1672744
Empresa_C6_16,Empresa_C4_3,1940996
Empresa_C6_16,Empresa_C5_15,312471
Empresa_C6_16,Empresa_C6_1,1928719
Empresa_C6_16,Empresa_C6_3,764945
Empresa_C6_16,Empresa_C6_4,136392
Empresa_C6_16,Empresa_C6_5,404629
Empresa_C6_16,Empresa_C6_7,977112
Empresa_C6_16,Empresa_C6_9,137232
Empresa_C6_16,Empresa_C6_11,459449
Empresa_C6_16,Empresa_C6_12,1217042
Empresa_C6_16,Empresa_C6_14,1439720
Empresa_C6_16,Empresa_C6_15,232933
Empresa_C6_16,Empresa_C6_17,1394445
Empresa_C6_16,Empresa_C6_18,1065624
Empresa_C6_16,Empresa_C6_20,479326
Empresa_C6_17,Empresa_C1_5,1503200
Empresa_C6_17,Empresa_C1_12,452832
Empresa_C6_17,Empresa_C1_14,203376
Empresa_C6_17,Empresa_C2_10,541939
Empresa_C6_17,Empresa_C3_8,1807022
Empresa_C6_17,Empresa_C3_19,954259
Empresa_C6_17,Empresa_C6_5,190341
Empresa_C6_17,Empresa_C6_7,1266404
Empresa_C6_17,Empresa_C6_11,260066
Empresa_C6_17,Empresa_C6_13,1763003
Empresa_C6_17,Empresa_C6_14,502826
Empresa_C6_17,Empresa_C6_15,658350
Empresa_C6_17,Empresa_C6_16,904891
Empresa_C6_17,Empresa_C6_18,1962737
Empresa_C6_17,Empresa_C6_20,831586
Empresa_C6_18,Empresa_C1_7,1603257
Empresa_C6_18,Empresa_C5_2,1522267
Empresa_C6_18,Empresa_C6_1,716585
Empresa_C6_18,Empresa_C6_3,115565
Empresa_C6_18,Empresa_C6_4,1718629
Empresa_C6_18,Empresa_C6_9,142530
Empresa_C6_18,Empresa_C6_10,1952924
Empresa_C6_18,Empresa_C6_12,1758430
Empresa_C6_18,Empresa_C6_13,127618
Empresa_C6_18,Empresa_C6_14,967344
Empresa_C6_18,Empresa_C6_15,295785
Empresa_C6_18,Empresa_C6_16,160384
Empresa_C6_18,Empresa_C6_17,1722370
Empresa_C6_18,Empresa_C6_19,1391820
Empresa_C6_19,Empresa_C6_3,970038
Empresa_C6_19,Empresa_C6_7,1691320
Empresa_C6_19,Empresa_C6_8,1709096
Empresa_C6_19,Empresa_C6_9,1951100
Empresa_C6_19,Empresa_C6_10,1803888
Empresa_C6_19,Empresa_C6_11,375212
Empresa_C6_19,Empresa_C6_13,1903094
Empresa_C6_19,Empresa_C6_16,1286737
Empresa_C6_19,Empresa_C6_17,1081640
Empresa_C6_19,Empresa_C6_20,933778
Empresa_C6_20,Empresa_C4_3,288944
Empresa_C6_20,Empresa_C6_1,1571846
Empresa_C6_20,Empresa_C6_2,1602074
Empresa_C6_20,Empresa_C6_3,1964408
Empresa_C6_20,Empresa_C6_4,1188161
Empresa_C6_20,Empresa_C6_6,1037017
Empresa_C6_20,Empresa_C6_7,1780914
Empresa_C6_20,Empresa_C6_8,4154347
Empresa_C6_20,Empresa_C6_9,771666
Empresa_C6_20,Empresa_C6_10,1330990
Empresa_C6_20,Empresa_C6_11,911147
Empresa_C6_20,Empresa_C6_13,1225424
Empresa_C6_20,Empresa_C6_14,330721
Empresa_C6_20,Empresa_C6_17,816846
Empresa_C6_20,Empresa_C6_18,1920688
